Frequency (Hz),Amplitude,Phase (radians)
0.1,[0.14506202 1.61916006 1.61916006],[ 3.14159265 -1.5743089   1.5743089 ]
Frequency (Hz),Amplitude,Phase (radians)
1,[0.36645376 1.36971723 1.36971723],[ 3.14159265 -0.92970336  0.92970336]
